"feature","locus","1point5min_Rep1","1point5min_Rep2","1point5min_Rep3","2point5min_Rep1","2point5min_Rep2","2point5min_Rep3","5min_Rep1","5min_Rep2","5min_Rep3","Total_Rep2","Total_Rep3"
"gene","YAL030W",0.666666666666667,0.285714285714286,0.647887323943662,0.25,0.210526315789474,0.346153846153846,0.173913043478261,0.0740740740740741,0,0.0246913580246914,NA
"tRNA","tP(UGG)A",1,1,1,1,1,1,1,1,1,1,NA
"gene","YAL003W",0.651026392961877,0.259681093394077,0.536912751677852,0.501632208922742,0.129032258064516,0.400943396226415,0.254416961130742,0.0482115085536547,0.225806451612903,0.0190930787589499,0
"gene","YAL001C",0.9,1,1,0.857142857142857,0.833333333333333,1,1,0.333333333333333,0,0.6,NA
"tRNA","tL(CAA)A",1,1,1,1,1,1,1,1,1,1,1
"tRNA","tF(GAA)B",1,1,1,1,1,1,1,1,1,1,NA
"gene","YBL091C-A",0.959183673469388,0.966292134831461,1,0.916666666666667,1,1,0.945454545454545,0.928571428571429,NA,1,NA
"gene","YBL087C",0.580459770114943,0.315384615384615,0.397923875432526,0.299435028248588,0.176470588235294,0.0583657587548638,0.185185185185185,0.0397727272727273,0,0.0055045871559633,0
"gene","YBL059C-A",0.526315789473684,0.875,0.282051282051282,0.161290322580645,0.142857142857143,0,0.315789473684211,0,0,0.0769230769230769,NA
"gene","YBL059W",0.217391304347826,0.193877551020408,0,0.238095238095238,0.0714285714285714,0.0606060606060606,0.0652173913043478,0.0555555555555556,0,0,NA
"gene","YBL050W",0.615384615384615,0.72972972972973,0.259259259259259,0.388888888888889,0.0833333333333333,0.229166666666667,0.255813953488372,0.125,1,0.153846153846154,NA
"gene","YBL040C",0.740740740740741,0.841346153846154,1,0.657608695652174,0.592592592592593,1,0.388429752066116,0.324786324786325,0,0.207547169811321,NA
"gene","YBL027W",0.771276595744681,0.516129032258065,0.455399061032864,0.453703703703704,0.4,0.292929292929293,0.367088607594937,0.137931034482759,0.451282051282051,0.00941176470588235,NA
"gene","YBL026W",0.297297297297297,0.0645161290322581,0.541284403669725,0.333333333333333,0.111111111111111,0,0.0147058823529412,0.0740740740740741,0,0,NA
"gene","YBL018C",0.794117647058823,0.423076923076923,1,0.421052631578947,0.111111111111111,0.696428571428571,0.0526315789473684,0.0833333333333333,0,0.0454545454545455,NA
"gene","YBR048W",0.243589743589744,0.036697247706422,0.382352941176471,0.155172413793103,0.0689655172413793,0,0.0617283950617284,0.0201005025125628,0,0,NA
"gene","YBR062C",1,0.0869565217391304,NA,0.461538461538462,0,NA,0.5,0.09375,0,0,NA
"gene","YBR078W",0.943573667711599,0.748554913294798,0.822421524663677,0.880613362541073,0.634854771784232,0.855855855855856,0.86096256684492,0.54014598540146,0.575206611570248,0.0585365853658537,NA
"gene","YBR082C",0.759036144578313,0.59375,0.25,0.537313432835821,0.393939393939394,0,0.322222222222222,0.293333333333333,0.286624203821656,0.0432692307692308,NA
"gene","YBR084C-A",0.911111111111111,0.772727272727273,1,0.463414634146341,0.347826086956522,0.740740740740741,0.21875,0.14,NA,0.00952380952380952,NA
"gene","YBR090C",0.956521739130435,0.947368421052632,0.84965034965035,0.950372208436725,0.828220858895706,0.888888888888889,0.823809523809524,0.70919881305638,0.565217391304348,0.160714285714286,0
"gene","YBR111W-A",0.846153846153846,0.8,0,0.785714285714286,0.5,0,0.666666666666667,0.538461538461538,NA,0.375,NA
"gene","YBR111W-A",1,0.2,NA,0.2,0,0,0,0,0,0,NA
"gene","YBR119W",0.952380952380952,0.875,1,0.952380952380952,1,1,1,0.5,NA,0,NA
"gene","YBR181C",0.851851851851852,0.753554502369668,0.80952380952381,0.584507042253521,0.424242424242424,1,0.372950819672131,0.292372881355932,0.156028368794326,0.0619834710743802,NA
"gene","YBR189W",0.464102564102564,0.199288256227758,0.314814814814815,0.216696269982238,0.113793103448276,0.197033898305085,0.104761904761905,0.0314465408805031,0,0.00805369127516779,0
"gene","YBR191W",0.699186991869919,0.536082474226804,0.421739130434783,0.340425531914894,0.540540540540541,0.0496894409937888,0.25,0.201612903225806,0.00579710144927536,0.00636942675159236,0
"gene","YBR219C",1,1,1,1,1,1,1,1,1,1,NA
"gene","YBR230C",0.291666666666667,0.372549019607843,1,0.554347826086957,0.125,1,0.25,0.130434782608696,0.457831325301205,0.00416666666666667,NA
"gene","YBR255C-A",1,0.886792452830189,1,0.833333333333333,1,1,0.4,0.692307692307692,NA,0.75,NA
"tRNA","tL(CAA)C",1,1,1,1,1,1,1,1,1,1,1
"gene","YCL012C",0.80952380952381,0.692307692307692,1,0.53125,1,0,0.5625,0.388888888888889,0,0.230769230769231,NA
"gene","YCL005W-A",0.844827586206897,0.76,0.508196721311475,0.714285714285714,0.588235294117647,0.346666666666667,0.586206896551724,0.441860465116279,NA,0.0192307692307692,NA
"gene","YCL005W-A",0.612903225806452,0.267857142857143,0.0536912751677852,0.171875,0.28,0.216216216216216,0.1875,0.0649350649350649,0.316666666666667,0.00529100529100529,NA
"gene","YCL002C",0.763157894736842,0.6875,0.93,0.480916030534351,0.526315789473684,0.535031847133758,0.524691358024691,0.350877192982456,0.0138888888888889,0.289473684210526,NA
"gene","YCR028C-A",0.275,0.0350877192982456,0.317073170731707,0.0535714285714286,0,0,0.0789473684210526,0.0126582278481013,0,0.00757575757575758,NA
"gene","YCR031C",0.410764872521246,0.362549800796813,0.354838709677419,0.25635593220339,0.227722772277228,0.112171837708831,0.111486486486486,0.118421052631579,0,0.00836820083682008,NA
"tRNA","tS(CGA)C",1,1,1,1,1,1,0.999446290143965,1,1,1,NA
"gene","YCR097W",0.6,0.4,0.6,0.380952380952381,0.25,0.0288461538461538,0.347826086956522,0.117647058823529,0.348837209302326,0,0
"gene","YDL219W",0.7,0.45,0.343949044585987,0.364705882352941,0.115384615384615,0.263803680981595,0.227272727272727,0.0952380952380952,0.00826446280991736,0.0175438596491228,NA
"gene","YDL191W",0.207792207792208,0.0967741935483871,0.0985507246376812,0.0932642487046632,0.132530120481928,0.096045197740113,0.0395480225988701,0.0561797752808989,0.0259365994236311,0.00143472022955524,NA
"gene","YDL136W",0.104761904761905,0.235294117647059,0.0020703933747412,0.088,0.117647058823529,0,0.05,0.0504587155963303,0,0.00955414012738853,NA
"gene","YDL130W",0.588461538461538,0.562248995983936,0.378167641325536,0.291181364392679,0.228,0.327731092436975,0.200607902735562,0.0787746170678337,0.0677083333333333,0.0120617110799439,NA
"gene","YDL125C",0.838383838383838,0.797297297297297,0.467432950191571,0.647058823529412,0.58,0.480263157894737,0.65979381443299,0.569767441860465,0.133928571428571,0.112781954887218,NA
"gene","YDL115C",0.861111111111111,0.981818181818182,1,0.942857142857143,0.851851851851852,1,0.828571428571429,0.473684210526316,0,1,NA
"gene","YDL108W",0.461538461538462,0.55,1,0.5,0.0909090909090909,0,0.363636363636364,0.260869565217391,0,0.333333333333333,NA
"gene","YDL083C",0.59375,0.719424460431655,0.828571428571429,0.506024096385542,0.397058823529412,0.551020408163265,0.304347826086957,0.122950819672131,0,0.0309278350515464,NA
"gene","YDL082W",0.601769911504425,0.672,0.63659793814433,0.377358490566038,0.223684210526316,0.429667519181586,0.36,0.108843537414966,0.144,0.0344827586206897,0
"gene","YDL075W",0.094017094017094,0.0604395604395604,0,0.0192307692307692,0.0087719298245614,0.195054945054945,0.00505050505050505,0.00301204819277108,0.0113851992409867,0,NA
"gene","YDL064W",1,0.905660377358491,1,0.872727272727273,0.9,0.958333333333333,0.7,0.72972972972973,1,0.142857142857143,NA
"tRNA","tK(UUU)D",1,1,1,1,1,1,1,1,1,1,NA
"gene","YDL029W",0.700680272108844,0.347826086956522,0.382352941176471,0.684782608695652,0.68,0.905982905982906,0.560975609756098,0.372093023255814,0.204444444444444,0,0
"gene","YDL012C",0.592592592592593,0.82051282051282,0,0.592592592592593,0.411764705882353,0,0.411764705882353,0.216216216216216,NA,0.166666666666667,NA
"gene","YDR005C",0.793103448275862,0.869565217391304,0.5,0.565217391304348,0.333333333333333,0,0.173913043478261,0.266666666666667,0,0.105263157894737,NA
"gene","YDR025W",0.597701149425287,0.368421052631579,0.720238095238095,0.637096774193548,0.267857142857143,0.518518518518518,0.390243902439024,0.0915032679738562,0.263157894736842,0.0263929618768328,NA
"gene","YDR059C",0.75,0.25,0,0.461538461538462,0.333333333333333,0.0588235294117647,0.266666666666667,0.4,NA,0,NA
"gene","YDR064W",0.506896551724138,0.404166666666667,0.571819425444596,0.290540540540541,0.181034482758621,0.216,0.209756097560976,0.079295154185022,0.0542635658914729,0.0141592920353982,0
"gene","YDR092W",0.824561403508772,0.367088607594937,0.389312977099237,0.46551724137931,0.288461538461538,0,0.296703296703297,0.172932330827068,0.641666666666667,0.076271186440678,NA
"gene","YDR129C",0.942857142857143,0.855555555555556,0,0.855855855855856,0.647058823529412,0.571428571428571,0.545454545454545,0.683333333333333,1,0.075,NA
"gene","YDR139C",0.733333333333333,0.185185185185185,0,0.333333333333333,0.09375,0,0.155555555555556,0.0625,NA,0.0277777777777778,NA
"tRNA","tI(UAU)D",1,1,1,1,1,1,1,1,1,1,1
"tRNA","tY(GUA)D",1,1,1,1,1,1,1,1,1,1,NA
"gene","YDR305C",0.918032786885246,0.88135593220339,1,0.871794871794872,0.88,0,0.895522388059702,0.807017543859649,0.204081632653061,1,NA
"tRNA","tF(GAA)D",1,1,1,1,1,1,1,1,NA,1,NA
"gene","YDR318W",0.392857142857143,0.142857142857143,0.431818181818182,0.0588235294117647,0.166666666666667,0,0.407407407407407,0.0909090909090909,0,0,NA
"gene","YDR367W",0.808988764044944,0.903508771929825,0.84452296819788,0.582608695652174,0.533333333333333,0.636986301369863,0.530120481927711,0.53030303030303,0.923076923076923,0.0888888888888889,NA
"gene","YDR381W",0.98812351543943,0.982456140350877,0.986666666666667,0.958250497017893,0.96583850931677,1,0.943060498220641,0.918367346938776,1,0.673575129533679,NA
"gene","YDR381C-A",1,0.952380952380952,1,0.833333333333333,0.428571428571429,NA,0.545454545454545,0.583333333333333,1,0.333333333333333,NA
"gene","YDR397C",0.760869565217391,0.82051282051282,0.69811320754717,0.775,0.470588235294118,1,0.333333333333333,0.5,0,0.142857142857143,NA
"gene","YDR424C",0.775,0.523809523809524,0.918032786885246,0.508474576271186,0.142857142857143,0.696969696969697,0.307692307692308,0.09375,0.0363636363636364,0.0821917808219178,0
"gene","YDR424C",0.684210526315789,0.75,1,0.512820512820513,0.206896551724138,0.354838709677419,0.55,0.152173913043478,0,0.0454545454545455,NA
"gene","YDR447C",0.865853658536585,0.928571428571429,0.686131386861314,0.666666666666667,0.722222222222222,0.138364779874214,0.472222222222222,0.601769911504425,0,0.19672131147541,0
"gene","YDR450W",0.665289256198347,0.585271317829457,0.564,0.422110552763819,0.329411764705882,0.118852459016393,0.246575342465753,0.108571428571429,0.235668789808917,0.00702576112412178,0
"gene","YDR471W",0.601659751037344,0.463414634146341,0.440443213296399,0.308823529411765,0.281437125748503,0.0694980694980695,0.179310344827586,0.185714285714286,0.164912280701754,0.0248868778280543,0
"gene","YDR500C",0.076845298281092,0.0728934462773072,0.00437482359582275,0.0479313824419778,0.0706605222734255,0.0131094417439976,0.0231267345050879,0.0216550657385924,0,0.00677666470241603,0
"tRNA","tL(CAA)D",1,1,1,1,1,1,1,1,1,1,NA
"gene","YIL156W-B",0.548387096774194,0.441176470588235,0.284722222222222,0.456521739130435,0.25,0.428571428571429,0.176470588235294,0.140740740740741,0.252252252252252,0.0595238095238095,0
"gene","YIL148W",0.390334572490706,0.179012345679012,0.130641330166271,0.221917808219178,0.165413533834586,0.00171821305841924,0.0955882352941176,0.0546697038724374,0.0735524256651017,0.00905797101449275,NA
"gene","YIL133C",0.889380530973451,0.857707509881423,0.707602339181287,0.764814814814815,0.755639097744361,0.634146341463415,0.649038461538462,0.529239766081871,0.446327683615819,0.0513698630136986,NA
"gene","YIL111W",0.891304347826087,0.733333333333333,1,0.641666666666667,0.785714285714286,0.333333333333333,0.466666666666667,0.316831683168317,0.363636363636364,0.135135135135135,0
"gene","YIL106W",0.841121495327103,0.915492957746479,1,0.720720720720721,0.75,1,0.603174603174603,0.4,1,0.75,1
"gene","YIL069C",0.523809523809524,0.393548387096774,0.167400881057269,0.26530612244898,0.129411764705882,0.354545454545455,0.0977443609022556,0.0882352941176471,0,0.0230263157894737,NA
"gene","YIL052C",0.0116279069767442,0,0,0,0,0,0,0,0,0,0
"gene","YIL018W",0.657982631930528,0.524776604386678,0.797651933701657,0.528018942383583,0.202702702702703,0.631911532385466,0.343283582089552,0.075875486381323,0.65158371040724,0.00430663221360896,NA
"gene","YIL004C",0.704545454545455,0.420454545454545,0.552884615384615,0.544117647058823,0.2,0.0689655172413793,0.56,0.192982456140351,0.133333333333333,0,NA
"gene","YEL003W",0.909090909090909,0.1,0.232432432432432,0.423076923076923,0,0.611111111111111,0,0.0172413793103448,0,0.0714285714285714,NA
"gene","YER003C",0.67741935483871,0.378378378378378,0.75,0.470588235294118,0.222222222222222,NA,0.25,0,0,0,NA
"gene","YER007C-A",0.272727272727273,0.333333333333333,1,0.208333333333333,0.222222222222222,NA,0.176470588235294,0.0327868852459016,0,0.0540540540540541,NA
"gene","YER056C-A",0.672672672672673,0.647569444444444,0.471794871794872,0.219931271477663,0.317708333333333,0.385767790262172,0.235521235521236,0.155844155844156,0,0.0782472613458529,NA
"gene","YER074W",0.116788321167883,0.142857142857143,0.241610738255034,0.039647577092511,0.0567375886524823,0,0.0344827586206897,0.0106157112526539,0,0.012853470437018,NA
"gene","YER074W-A",0.52,0.237179487179487,0.558375634517767,0.192513368983957,0.104166666666667,0.375,0.0760869565217391,0.0166112956810631,0.111111111111111,0.01875,0
"gene","YER074W-A",0,0.277777777777778,0.230769230769231,0.24,0.181818181818182,0,0.173913043478261,0.0508474576271186,0.114864864864865,0,NA
"gene","YER093C-A",0.666666666666667,0.875,0.833333333333333,0.736842105263158,1,NA,0.857142857142857,0,0.392857142857143,0,NA
"gene","YER117W",0.303448275862069,0.354497354497354,0.28494623655914,0.141414141414141,0.110344827586207,0.0745233968804159,0.08,0.0453257790368272,0,0.0205607476635514,0
"gene","YER133W",0.82,0.928571428571429,0.888888888888889,0.755813953488372,0.761904761904762,1,0.794117647058823,0.444444444444444,0,0.4,NA
"gene","YFL039C",0.853491271820449,0.770961145194274,0.83868378812199,0.834405834405834,0.657381615598886,0.775990099009901,0.672368421052632,0.41468253968254,0.526666666666667,0.0219579139981702,0
"gene","YFL034C-B",0.705882352941177,0.744186046511628,1,0.821428571428571,0.461538461538462,0.852941176470588,0.444444444444444,0.212121212121212,0.894736842105263,0.0967741935483871,NA
"gene","YFL034C-A",0.958904109589041,0.758620689655172,0.96875,0.883116883116883,0.875,0.961206896551724,0.58695652173913,0.457142857142857,1,0.19047619047619,NA
"gene","YFL031W",0.998129092609916,0.995713673381912,1,0.995686999383857,1,1,0.991949396204715,0.996191282268303,1,0.98433734939759,0
"tRNA","tP(UGG)F",1,1,1,1,1,1,1,1,1,1,NA
"tRNA","tF(GAA)F",1,1,1,1,1,1,1,1,1,1,NA
"tRNA","tY(GUA)F1",1,1,1,1,1,1,1,1,1,1,NA
"tRNA","tS(GCU)F",1,1,1,1,1,1,1,1,1,1,NA
"gene","YFR024C-A",0.725,0.479452054794521,0.908536585365854,0.535714285714286,0.297872340425532,0.463035019455253,0.597014925373134,0.243589743589744,0,0.0238095238095238,NA
"tRNA","tY(GUA)F2",1,1,1,1,1,1,1,1,1,1,NA
"gene","YFR031C-A",0.710963455149502,0.537671232876712,0.720797720797721,0.579113924050633,0.432432432432432,0.742424242424242,0.307692307692308,0.25,0.496503496503497,0.0990566037735849,0
"gene","YFR045W",1,0.916666666666667,1,0.818181818181818,0.555555555555556,1,1,0.6,NA,0.333333333333333,NA
"gene","YGL232W",0.846153846153846,0.742857142857143,1,0.523809523809524,0.3,0.2,0.541666666666667,0.384615384615385,0,0.428571428571429,NA
"gene","YGL226C-A",0.444444444444444,0.44,0.125,0.347826086956522,0.162162162162162,0.282051282051282,0.2375,0.207920792079208,0,0.0223880597014925,NA
"tRNA","tK(UUU)G1",1,1,1,1,1,1,1,1,1,1,NA
"gene","YGL178W",0.993006993006993,1,1,1,1,1,1,0.98,1,1,NA
"tRNA","tL(CAA)G1",1,1,1,1,1,1,1,1,1,1,NA
"gene","YGL137W",0.753623188405797,0.92,0.759493670886076,0.802816901408451,0.823529411764706,1,0.658536585365854,0.714285714285714,1,0.0952380952380952,NA
"tRNA","tW(CCA)G1",1,1,1,1,1,1,1,1,1,1,NA
"gene","YGL103W",0.774793388429752,0.690641918020108,0.588283157038243,0.695164075993091,0.435203094777563,0.522077922077922,0.534923339011925,0.229144667370644,0.52,0.044690446904469,0
"gene","YGL087C",0.977272727272727,0.6,0.179487179487179,0.8,0.714285714285714,NA,0.666666666666667,0.3125,NA,0,NA
"gene","YGL076C",0.728110599078341,0.527426160337553,0.6875,0.447284345047923,0.273333333333333,0.564102564102564,0.179487179487179,0.0609318996415771,0.0892857142857143,0.0276243093922652,NA
"gene","YGL076C",0.853211009174312,0.675595238095238,0.733333333333333,0.596698113207547,0.452554744525547,0.434782608695652,0.326086956521739,0.218274111675127,0.640625,0.0232198142414861,NA
"tRNA","tL(CAA)G2",1,1,1,1,1,1,1,1,1,1,1
"gene","YGL033W",1,1,1,0.904761904761905,1,NA,0.75,1,NA,NA,NA
"gene","YGL030W",0.704491725768322,0.404580152671756,0.764832793959008,0.428853754940711,0.183098591549296,0.383084577114428,0.322085889570552,0.164383561643836,0.410041841004184,0.0253968253968254,0
"tRNA","tF(GAA)G",1,1,1,1,1,1,1,1,1,1,1
"gene","YGR001C",0.0833333333333333,0.0588235294117647,0,0.333333333333333,0.111111111111111,NA,0,0,0,0,NA
"gene","YGR001C",0.978723404255319,0.906976744186046,1,0.91304347826087,0.72,1,0.828571428571429,0.754716981132076,1,0.302325581395349,NA
"gene","YGR029W",0.25,0.153846153846154,1,0.4375,0,0.5,0.2,0.333333333333333,0,0,NA
"gene","YGR034W",0.0454545454545455,0.0779661016949153,0.00394218134034166,0.0290697674418605,0.0307692307692308,0,0.00763358778625954,0.0380116959064327,0,0.00324939073923639,NA
"tRNA","tK(UUU)G2",1,1,1,1,1,1,1,1,1,1,NA
"gene","YGR118W",0.788617886178862,0.61864406779661,0.641791044776119,0.506787330316742,0.278846153846154,0.549090909090909,0.33974358974359,0.131707317073171,0,0.0435897435897436,NA
"tRNA","tL(CAA)G3",1,1,1,1,1,1,1,1,1,1,1
"gene","YGR183C",0.744252873563218,0.937901498929336,0.477905073649754,0.678023850085179,0.715384615384615,0.169117647058824,0.40117994100295,0.640552995391705,0.227342549923195,0.350877192982456,0
"tRNA","tW(CCA)G2",1,1,1,1,1,1,1,1,1,NA,NA
"gene","YGR214W",0.75,0.522167487684729,0.732673267326733,0.386861313868613,0.396825396825397,0.331521739130435,0.211267605633803,0.117647058823529,0.0985915492957746,0.0250783699059561,0
"gene","YGR296W",1,1,1,1,1,1,1,1,1,1,NA
"gene","YHL050C",1,1,1,1,1,1,1,1,1,1,NA
"gene","YHL001W",0.975982532751092,0.954545454545455,0.924558587479936,0.85239852398524,0.848739495798319,0.948275862068966,0.695402298850575,0.661764705882353,0.279569892473118,0.429530201342282,NA
"gene","YHR001W-A",0.55,0.428571428571429,0,0.223529411764706,0.55,0.139705882352941,0.263157894736842,0.0816326530612245,0,0,0
"gene","YHR010W",0.783375314861461,0.593607305936073,0.544135429262394,0.393592677345538,0.200743494423792,0.401119402985075,0.233846153846154,0.0874524714828897,0.0935875216637782,0.00919963201471941,0
"gene","YHR012W",0.59375,0.428571428571429,0.1,0.486486486486487,0.333333333333333,0,0.105263157894737,0.285714285714286,NA,0,0
"gene","YHR016C",0.470588235294118,0.5,0.505263157894737,0.444444444444444,0.125,NA,0.347826086956522,0.105263157894737,1,0.0714285714285714,NA
"gene","YHR021C",0.0606060606060606,0.0748730964467005,0.0337457817772778,0.0209380234505863,0.0344827586206897,0.00157232704402516,0.0209302325581395,0.0692167577413479,0,0.00127165792401844,0
"gene","YHR039C-A",0.698412698412698,0.0897435897435897,0.862068965517241,0.333333333333333,0.037037037037037,0.337209302325581,0.125786163522013,0.0342857142857143,0,0.0182926829268293,NA
"gene","YHR041C",0.866666666666667,0.861111111111111,1,0.806451612903226,1,1,0.674418604651163,0.357142857142857,0,0.119047619047619,NA
"tRNA","tF(GAA)H1",1,1,1,1,1,1,1,1,1,1,1
"gene","YHR076W",0.807692307692308,1,0.557377049180328,0.781818181818182,0.4,1,0.653846153846154,0.545454545454545,NA,0.454545454545455,NA
"gene","YHR077C",0.953623188405797,0.972696245733788,1,0.953846153846154,0.84,1,0.80952380952381,0.67741935483871,1,0.647058823529412,NA
"gene","YHR101C",0.784313725490196,0.451612903225806,1,0.462962962962963,0.285714285714286,0.133333333333333,0.484848484848485,0.32,0,0.0666666666666667,NA
"gene","YHR123W",0.449704142011834,0.263157894736842,0.5,0.236453201970443,0.129032258064516,0.468531468531469,0.176056338028169,0.0654205607476635,0.0150375939849624,0.0087719298245614,NA
"tRNA","tF(GAA)H2",1,1,1,1,1,1,1,1,1,1,NA
"gene","YHR141C",0.536363636363636,0.384615384615385,0.29608938547486,0.340909090909091,0.25,0,0.177777777777778,0.0656565656565657,0.0078740157480315,0.0211864406779661,NA
"tRNA","tP(UGG)H",1,1,1,1,1,1,1,1,1,1,NA
"gene","YHR199C-A",0.785714285714286,0.846153846153846,1,0.958333333333333,0.8,NA,0.875,0.705882352941177,NA,0.625,NA
"gene","YHR203C",0.0964467005076142,0.025130890052356,0.0473588342440801,0.0457697642163662,0.0287081339712919,0.0961538461538462,0.0388349514563107,0.0116696588868941,0,0.0010752688172043,0
"gene","YHR218W",1,1,1,1,1,1,1,1,1,1,NA
"gene","YJL205C",0.15,0.272727272727273,0.0588235294117647,0.166666666666667,0.166666666666667,0,0,0,0,0.0454545454545455,NA
"gene","YJL191W",0.99870235800089,0.998545322302027,0.986420109794857,0.991440346613125,0.995564795564796,0.975262368815592,0.993179433368311,0.984097091441724,0.919075144508671,0.906530089628681,NA
"gene","YJL189W",0.064,0.0233362143474503,0.016016016016016,0.0221606648199446,0.0112179487179487,0,0.0141304347826087,0.0042092603728202,0,0.000589622641509434,0
"gene","YJL177W",0.415584415584416,0.220657276995305,0.255144032921811,0.183783783783784,0.0364963503649635,0.0425531914893617,0.04,0.0403726708074534,0.147058823529412,0.0129482071713147,0
"gene","YJL136C",0.224598930481283,0.387700534759358,0.160857908847185,0.0493506493506494,0.209205020920502,0.0710382513661202,0.102459016393443,0.0637450199203187,0.00721153846153846,0,0
"tRNA","tY(GUA)J1",1,1,1,1,1,1,1,1,1,1,NA
"gene","YJL041W",0.84,0.722222222222222,1,0.566666666666667,0.142857142857143,0.5,0.333333333333333,0.176470588235294,0,0.0303030303030303,NA
"gene","YJL031C",1,1,1,0.916666666666667,0.625,1,0.857142857142857,0.6,NA,NA,NA
"gene","YJL024C",0.772727272727273,0.703703703703704,1,0.454545454545455,0.263157894736842,1,0.388888888888889,0.0634920634920635,NA,0,NA
"tRNA","tW(CCA)J",1,1,1,1,1,1,1,1,1,1,NA
"gene","YJL001W",0.333333333333333,0.0746268656716418,0.276923076923077,0.15,0.0428571428571429,0.350649350649351,0.0975609756097561,0.0124223602484472,0,0,0
"tRNA","tY(GUA)J2",1,1,1,1,1,1,1,1,1,1,NA
"gene","YJR094W-A",0.775167785234899,0.544072948328267,0.79295154185022,0.439169139465875,0.359712230215827,0.0950704225352113,0.347826086956522,0.120689655172414,0.00843881856540084,0.0376712328767123,0
"tRNA","tL(UAG)J",1,1,1,1,1,NA,1,1,NA,1,NA
"gene","YJR112W-A",1,1,1,1,1,1,1,1,1,1,NA
"gene","YJR145C",0.11400651465798,0.0366218236173393,0.0867507886435331,0.0474747474747475,0.0311173974540311,0.023121387283237,0.0239596469104666,0.0094488188976378,0.0461538461538462,0.00291699814372845,0
"gene","YKL190W",0.568527918781726,0.792592592592593,0.731578947368421,0.555066079295154,0.424657534246575,0.0444444444444444,0.364406779661017,0.164473684210526,0.154929577464789,0.125748502994012,NA
"gene","YKL180W",0.14070351758794,0.130081300813008,0.216335540838852,0.132231404958678,0.0588235294117647,0,0.029045643153527,0.029925187032419,0.153333333333333,0.00164744645799012,NA
"gene","YKL157W",1,0.909090909090909,1,0.931034482758621,0.777777777777778,1,0.818181818181818,0.75,0,0,NA
"gene","YKL156W",0.0557377049180328,0.0615563298490128,0.0816326530612245,0.0220417633410673,0.0228898426323319,0.039426523297491,0.0125858123569794,0.0089938167509837,0,0.0017825311942959,0
"gene","YKL081W",0.402439024390244,0.327586206896552,0.594594594594595,0.31989247311828,0.213114754098361,0.582608695652174,0.276,0.0858895705521472,0.166666666666667,0.0402877697841727,NA
"tRNA","tW(CCA)K",1,1,1,1,1,1,1,1,1,1,NA
"gene","YKL006C-A",1,0.708333333333333,1,0.555555555555556,0.25,1,0.155555555555556,0.270833333333333,0,0.19047619047619,NA
"gene","YKL006W",0.611111111111111,0.473484848484849,0.593117408906883,0.259493670886076,0.261682242990654,0.320916905444126,0.12568306010929,0.0647482014388489,0.0510510510510511,0.0197044334975369,0
"gene","YKL002W",0.607142857142857,0.297297297297297,1,0.638888888888889,0.0769230769230769,0,0.205882352941176,0.107142857142857,0,0.0476190476190476,NA
"tRNA","tL(CAA)K",1,1,1,1,1,1,1,1,1,1,NA
"gene","YKR057W",0.228395061728395,0.173469387755102,0.0523255813953488,0.0756302521008403,0.0869565217391304,0,0.0537190082644628,0.0120481927710843,0.0202020202020202,0.00343053173241852,0
"tRNA","tK(UUU)K",1,1,1,1,1,1,1,1,1,1,1
"gene","YKR094C",0.0895008605851979,0.0865139949109415,0.0595065312046444,0.0402173913043478,0.0317164179104478,0.0566037735849057,0.0165816326530612,0.0100806451612903,0.00251572327044025,0.00134831460674157,0
"gene","YKR095W-A",0.352941176470588,0.12,1,0.212121212121212,0.114285714285714,0,0.0740740740740741,0.0731707317073171,NA,0,NA
"gene","YLL066C",1,1,1,1,1,1,1,1,1,1,NA
"gene","YLL050C",0.44,0.727272727272727,0.522388059701492,0.409836065573771,0.333333333333333,0,0.333333333333333,0.230769230769231,0,0,NA
"tRNA","tP(UGG)L",1,1,1,1,1,1,1,1,1,1,NA
"gene","YLR048W",0.652097902097902,0.63752276867031,0.603064066852368,0.448336252189142,0.329787234042553,0.532507739938081,0.261398176291793,0.18562874251497,0.077720207253886,0.0197956577266922,0.0625
"gene","YLR061W",0.922604422604423,0.950354609929078,0.799322033898305,0.716553287981859,0.726851851851852,0.548387096774194,0.586206896551724,0.398876404494382,0.22508038585209,0.134042553191489,NA
"gene","YLR078C",0.875,1,NA,0.4375,0.666666666666667,1,0.727272727272727,0.352941176470588,NA,NA,NA
"gene","YLR093C",0.631578947368421,0.736842105263158,0.1,0.678571428571429,0.5,NA,0.515151515151515,0.32258064516129,NA,0.166666666666667,NA
"gene","YLR185W",0.382010582010582,0.340975406419341,0.127536231884058,0.169347209082308,0.23546511627907,0.0193446506119226,0.0864321608040201,0.071892161757364,0.0142581888246628,0.0263653483992467,0
"gene","YLR199C",0.923076923076923,0.5,1,0.787234042553192,0.272727272727273,0.827586206896552,0.604651162790698,0.16,0,0,NA
"gene","YLR202C",1,1,1,1,NA,1,1,1,NA,1,NA
"gene","YLR211C",0.916666666666667,0.939759036144578,1,0.888888888888889,0.8,1,0.8,0.793103448275862,NA,0,NA
"tRNA","tL(UAG)L1",1,1,1,1,1,1,1,1,1,NA,NA
"tRNA","tI(UAU)L",1,1,1,1,1,1,1,1,1,1,1
"tRNA","tL(CAA)L",1,1,1,1,1,1,1,1,1,1,NA
"gene","YLR287C-A",0.228070175438596,0.120772946859903,0.162866449511401,0.0769230769230769,0.00847457627118644,0,0.0563380281690141,0.0335917312661499,0.0311284046692607,0.00162866449511401,0
"tRNA","tL(UAG)L2",1,1,1,1,1,1,1,1,1,1,NA
"gene","YLR306W",0.977272727272727,1,0.952380952380952,0.984375,0.931034482758621,1,1,0.902439024390244,1,1,NA
"tRNA","tX(XXX)L",1,1,1,1,1,1,1,1,1,1,NA
"gene","YLR344W",0.371794871794872,0.354545454545455,0.286821705426357,0.206185567010309,0.264705882352941,0.043010752688172,0.218487394957983,0.141025641025641,0.0215827338129496,0.00606060606060606,NA
"gene","YLR367W",0.62303664921466,0.326086956521739,0.455661664392906,0.321199143468951,0.165991902834008,0.180679785330948,0.161971830985915,0.0681198910081744,0.132958801498127,0.112903225806452,0
"tRNA","tK(UUU)L",1,1,1,1,1,1,1,1,NA,1,NA
"gene","YLR406C",0.892950391644909,0.810020876826722,0.863551401869159,0.815789473684211,0.633507853403141,0.460144927536232,0.52212389380531,0.304635761589404,0,0.115625,NA
"gene","YLR426W",1,0.829268292682927,1,0.736842105263158,0.636363636363636,1,0.769230769230769,0.594594594594595,0.6875,0.441176470588235,NA
"gene","YLR448W",0.54639175257732,0.501930501930502,0.619047619047619,0.258278145695364,0.212121212121212,0.237623762376238,0.23,0.163179916317992,0,0.0334029227557411,NA
"gene","YML124C",0.95049504950495,0.679775280898876,0.990476190476191,0.897959183673469,0.807692307692308,0.751824817518248,0.768595041322314,0.72,1,0.0338983050847458,NA
"gene","YML094W",0.285714285714286,0.4,0.132075471698113,0.4,0.142857142857143,1,0.375,0.157894736842105,0.421052631578947,0,NA
"gene","YML085C",0.308270676691729,0.229102167182663,0.107843137254902,0.310810810810811,0.271186440677966,0.294117647058824,0.102362204724409,0.173553719008264,0.419753086419753,0.00995024875621891,NA
"gene","YML073C",0.515463917525773,0.301369863013699,0.380952380952381,0.25503355704698,0.136986301369863,0.0357142857142857,0.174757281553398,0.0591715976331361,0,0.0040650406504065,NA
"gene","YML067C",0.363636363636364,0.823529411764706,0.576923076923077,0.5,0.666666666666667,0,0.32258064516129,0.25,0.818181818181818,0.333333333333333,NA
"gene","YML056C",0.733333333333333,0.34375,0.435897435897436,0.442307692307692,0.368421052631579,0,0.545454545454545,0.142857142857143,0.5,0.0540540540540541,0
"tRNA","tY(GUA)M1",1,1,1,1,1,1,1,1,1,1,NA
"tRNA","tP(UGG)M",1,1,1,1,1,1,1,1,1,1,NA
"gene","YML036W",0.5,0.111111111111111,1,0,0,1,0.230769230769231,0,0,0,NA
"gene","YML026C",0.56043956043956,0.551181102362205,0.108974358974359,0.395939086294416,0.441176470588235,0.183150183150183,0.173553719008264,0.209677419354839,0.0121065375302663,0.0341555977229602,0.683333333333333
"gene","YML025C",1,0.222222222222222,1,0.722222222222222,0,NA,0.2,0.111111111111111,NA,0.230769230769231,NA
"gene","YML024W",0.234042553191489,0.108108108108108,0.156626506024096,0.106918238993711,0.072463768115942,0.376923076923077,0.0421052631578947,0.0472103004291846,0,0.00299850074962519,NA
"gene","YML017W",0.733333333333333,0.666666666666667,0.934426229508197,0.775,0.444444444444444,0.0526315789473684,0.5,0.307692307692308,0.961538461538462,0.818181818181818,NA
"gene","YMR033W",0.904761904761905,0.829787234042553,0.953571428571429,0.73972602739726,0.551020408163265,0.837349397590361,0.61025641025641,0.438848920863309,0.863636363636364,0.245283018867925,NA
"tRNA","tF(GAA)M",1,1,1,1,1,1,1,1,1,1,NA
"tRNA","tW(CCA)M",1,1,1,1,1,1,1,1,1,1,NA
"gene","YMR079W",0.225806451612903,0.02,0.4,0.174603174603175,0.111111111111111,0.083969465648855,0.08,0,0,0,NA
"gene","YMR116C",0.27525363917071,0.104803493449782,0.254702194357367,0.146224146224146,0.0629310344827586,0.140062597809077,0.0473372781065089,0.0136332651670075,0.0352628077178975,0.00635634656757285,0
"tRNA","tL(CAA)M",1,1,1,1,1,1,1,1,1,1,1
"gene","YMR125W",1,0.78125,0.772727272727273,0.8,0.785714285714286,1,0.666666666666667,0.451612903225806,0.375,0,NA
"gene","YMR133W",1,1,1,0.96551724137931,1,1,1,0.979166666666667,NA,1,NA
"gene","YMR142C",0.32,0.0571428571428571,0.172413793103448,0.166666666666667,0.235294117647059,0,0,0.0317460317460317,NA,0,NA
"gene","YMR143W",0.928270042194093,0.878594249201278,0.972602739726027,0.700440528634361,0.702020202020202,0.2,0.643478260869565,0.410358565737052,0,0.116129032258065,NA
"gene","YMR194W",0.510204081632653,0.645833333333333,0.0857142857142857,0.25974025974026,0.125,0.0164609053497942,0.1,0.0697674418604651,0,0.183333333333333,0
"gene","YMR194C-B",0.791666666666667,0.777777777777778,0.517857142857143,0.65625,0.75,1,0.666666666666667,0.176470588235294,1,0.375,0
"gene","YMR201C",1,1,NA,1,0.571428571428571,NA,1,0.75,NA,1,NA
"gene","YMR225C",0.37037037037037,0.144144144144144,0.739130434782609,0.330188679245283,0.0491803278688525,0.265625,0.0748299319727891,0.0392156862745098,0.105769230769231,0.0451127819548872,0
"gene","YMR230W",0.338709677419355,0.173469387755102,0.268518518518519,0.144927536231884,0.0540540540540541,0.099236641221374,0.0412371134020619,0.0321100917431193,0,0.00572519083969466,0
"gene","YMR242C",0.352112676056338,0.483516483516484,0.0505050505050505,0.243589743589744,0.346153846153846,0.0117647058823529,0.134020618556701,0.0636363636363636,0,0.0384615384615385,0
"tRNA","tY(GUA)M2",1,1,NA,1,1,NA,1,1,1,1,NA
"gene","YMR292W",0.707317073170732,0.904761904761905,0.652631578947368,0.65,0.583333333333333,0.514705882352941,0.333333333333333,0.59375,0,0.272727272727273,NA
"gene","YNL339C",1,1,1,1,1,NA,1,1,NA,1,NA
"gene","YNL312W",0.409638554216867,0.108333333333333,0.949367088607595,0.34020618556701,0.0978260869565217,0.358974358974359,0.1,0.038961038961039,0,0.00900900900900901,0
"gene","YNL302C",0.204379562043796,0.177257525083612,0.176211453744493,0.0760869565217391,0.0732984293193717,0,0.0397553516819572,0.0243407707910751,0,0.00230149597238205,0
"gene","YNL301C",0.992570579494799,0.980952380952381,0.966386554621849,0.93979057591623,0.929292929292929,1,0.88961038961039,0.778846153846154,0.685393258426966,0.397590361445783,0
"gene","YNL246W",0.5,0.0555555555555556,0,0.0666666666666667,0,NA,0.05,0.0416666666666667,0,0.166666666666667,NA
"gene","YNL162W",0.670454545454545,0.2,0.338557993730408,0.304054054054054,0.0531914893617021,0.135,0.142857142857143,0.0791139240506329,0.0699300699300699,0.0234604105571848,0
"gene","YNL147W",0.368421052631579,0.163265306122449,0.888888888888889,0.230769230769231,0.0434782608695652,1,0.0824742268041237,0.0257510729613734,0.159090909090909,0.0512820512820513,NA
"gene","YNL138W-A",0.611111111111111,0.369565217391304,0,0.36,0.133333333333333,0.789473684210526,0.210526315789474,0.16,1,0,NA
"tRNA","tF(GAA)N",1,1,1,1,1,1,1,1,1,1,NA
"gene","YNL130C",0.556962025316456,0.439577039274924,0.626907073509015,0.440944881889764,0.29646017699115,0.538922155688623,0.250585480093677,0.159509202453988,0.222,0.0348101265822785,0
"gene","YNL112W",0.910179640718563,0.75,0.963855421686747,0.754716981132076,0.631578947368421,1,0.928571428571429,0.85,1,0.142857142857143,NA
"tRNA","tL(CAA)N",1,1,1,1,1,1,1,1,1,1,NA
"gene","YNL096C",0.305555555555556,0.17910447761194,0.475,0.123287671232877,0.0212765957446809,0,0.0869565217391304,0.0263157894736842,0,0.0180995475113122,NA
"gene","YNL069C",0.475073313782991,0.424019607843137,0.332075471698113,0.23046875,0.28740157480315,0.121387283236994,0.215859030837004,0.168466522678186,0.0842105263157895,0.00816326530612245,0
"gene","YNL050C",0.826086956521739,1,0,0.714285714285714,0.5,0.583333333333333,0.857142857142857,0.25,1,0,NA
"gene","YNL044W",0.269736842105263,0.058411214953271,0.439285714285714,0.106598984771574,0.072289156626506,0.112970711297071,0.0415704387990762,0.0142276422764228,0,0.00361881785283474,0
"tRNA","tP(UGG)N1",1,1,1,1,1,1,1,1,1,1,NA
"gene","YNL038W",0.571428571428571,0.652173913043478,0.378378378378378,0.6,0.35,0,0.392857142857143,0.238095238095238,0,0.444444444444444,NA
"tRNA","tP(UGG)N2",1,1,1,1,1,1,1,1,1,1,NA
"gene","YNL004W",0.659090909090909,0.525423728813559,0.162790697674419,0.623376623376623,0.625,0.166666666666667,0.30952380952381,0.18,0,0.166666666666667,NA
"gene","YNR053C",0.980769230769231,0.923076923076923,0.206896551724138,0.87719298245614,0.857142857142857,NA,0.888888888888889,1,0,0.666666666666667,NA
"gene","YOL127W",0.702564102564103,0.799163179916318,0.304147465437788,0.328358208955224,0.396396396396396,0.203791469194313,0.279279279279279,0.179190751445087,0,0.0397111913357401,NA
"gene","YOL121C",0.835924006908463,0.744500846023689,0.757911392405063,0.556085918854415,0.587096774193548,0.558620689655172,0.479289940828402,0.360714285714286,0.185975609756098,0.0569620253164557,0
"gene","YOL120C",0.637837837837838,0.540772532188841,0.603399433427762,0.409420289855072,0.315068493150685,0.284090909090909,0.243243243243243,0.130769230769231,0.0102040816326531,0.016057091882248,0
"gene","YOL048C",0.708333333333333,0.714285714285714,0.96875,0.625,0.214285714285714,1,0.382352941176471,0.0333333333333333,0,0.142857142857143,NA
"tRNA","tS(GCU)O",1,1,1,1,1,1,1,1,1,1,NA
"tRNA","tY(GUA)O",1,1,1,1,1,1,1,1,1,1,NA
"tRNA","tP(UGG)O1",1,1,1,1,1,1,1,1,1,1,NA
"tRNA","tK(UUU)O",1,1,1,1,1,1,1,1,1,1,NA
"tRNA","tP(UGG)O2",1,1,1,1,1,1,1,1,1,1,NA
"gene","YOR096W",0.410714285714286,0.5,0.46551724137931,0.213235294117647,0.141025641025641,0.309417040358744,0.0571428571428571,0.104895104895105,0.193798449612403,0.00591715976331361,0
"gene","YOR122C",0.912087912087912,0.949820788530466,0.85781990521327,0.878220140515222,0.837209302325581,1,0.858585858585859,0.73972602739726,0.381818181818182,0.135338345864662,0
"gene","YOR182C",0.359281437125749,0.244186046511628,0.375,0.164658634538153,0.138613861386139,0.0350877192982456,0.0726495726495727,0.0662824207492795,0.0216450216450216,0.00892857142857143,NA
"gene","YOR234C",0.798816568047337,0.892592592592593,0.896174863387978,0.728448275862069,0.662790697674419,0.648484848484848,0.691666666666667,0.419354838709677,0.321100917431193,0.00909090909090909,NA
"snoRNA","snR17a",0.00318485206550866,0.00311559229703254,0.0147443709667752,0.00321465458246107,0.000863512937088401,0.00680389859394972,0.00122198587104552,0.000399176751602609,0.00517746440493222,8.68811182268232e-05,0.000223510411259157
"gene","YOR293W",0.362068965517241,0.15,0.0694444444444444,0.150326797385621,0.0746606334841629,0.123983739837398,0.0868596881959911,0.0239520958083832,0.112676056338028,0.00410600970511385,0
"gene","YOR312C",0.45679012345679,0.323076923076923,0.418803418803419,0.233082706766917,0.230769230769231,0,0.146067415730337,0.175925925925926,0.107438016528926,0.0147783251231527,0
"gene","YOR318C",1,1,1,1,1,1,1,0.9375,1,1,NA
"tRNA","tP(UGG)O3",1,1,1,1,1,1,1,1,1,1,1
"tRNA","tW(CCA)P",1,1,1,1,1,1,1,1,1,1,NA
"gene","YPL249C-A",0.610878661087866,0.595541401273885,0.552447552447552,0.302405498281787,0.293103448275862,0.182242990654206,0.252873563218391,0.146551724137931,0.13855421686747,0.065359477124183,NA
"gene","YPL218W",0.735955056179775,0.55,0.542116630669546,0.574750830564784,0.376470588235294,0.489669421487603,0.38265306122449,0.182291666666667,0.429389312977099,0.0132275132275132,NA
"gene","YPL198W",0.948905109489051,0.781609195402299,0.976958525345622,0.836134453781513,0.573333333333333,0.748987854251012,0.705882352941177,0.260869565217391,0.731543624161074,0.125714285714286,NA
"gene","YPL198W",0.695652173913043,0.581395348837209,1,0.58974358974359,0.185185185185185,0.578947368421053,0.125,0.0851063829787234,0.440677966101695,0.0306122448979592,NA
"gene","YPL175W",0.761904761904762,0.76,1,0.578947368421053,0.857142857142857,NA,0.444444444444444,0.7,0.243589743589744,NA,NA
"snoRNA","snR17b",0.00335051850453618,0.0023541489662985,0.0391043217130174,0.00252509887435351,0.000690623120279814,0.0210062046796741,0.0011463683052091,0.0004843093649617,0.0138846035174329,0.000165072797103523,0
"gene","YPL143W",0.208333333333333,0.1,0.105485232067511,0.0597826086956522,0.0720720720720721,0.285714285714286,0.05,0,0.13,0.00194174757281553,NA
"gene","YPL129W",0.934782608695652,0.542857142857143,0.966666666666667,0.734375,0.444444444444444,0.736842105263158,0.542372881355932,0.266666666666667,1,0.133333333333333,NA
"gene","YPL109C",0.833333333333333,0.5,NA,0.2,0,1,0.0769230769230769,0.222222222222222,0,0,NA
"gene","YPL090C",0.652719665271967,0.616666666666667,0.692708333333333,0.31,0.35,0.662420382165605,0.333333333333333,0.180412371134021,0.811594202898551,0.0281124497991968,0
"gene","YPL081W",0.948529411764706,0.741811175337187,0.962985811227637,0.830357142857143,0.495098039215686,0.993243243243243,0.85132382892057,0.433224755700326,0.743922204213938,0.147826086956522,NA
"gene","YPL079W",0.658536585365854,0.557894736842105,0.26,0.325,0.333333333333333,0.337209302325581,0.306451612903226,0.271186440677966,0,0.00617283950617284,NA
"gene","YPL075W",0.96078431372549,1,1,0.961538461538462,1,1,0.935483870967742,0.9,1,1,NA
"gene","YPL031C",0.178571428571429,0.151515151515152,NA,0.264705882352941,0.222222222222222,0.428571428571429,0.169491525423729,0.1,0,0.171428571428571,NA
"tRNA","tF(GAA)P1",1,1,1,1,1,1,1,1,1,1,NA
"gene","YPR010C-A",0.666666666666667,0.352941176470588,0,0.58974358974359,0.222222222222222,1,0.282608695652174,0.0967741935483871,0,0.0461538461538462,NA
"tRNA","tF(GAA)P2",1,1,1,1,1,1,1,1,1,1,NA
"gene","YPR028W",0.965909090909091,0.975609756097561,0.946428571428571,0.951827242524917,0.99,0.903361344537815,0.818840579710145,0.829457364341085,0.875,0.484848484848485,NA
"gene","YPR043W",0.434944237918216,0.21763085399449,0.0662824207492795,0.201219512195122,0.172222222222222,0.112709832134293,0.142292490118577,0.0536779324055666,0,0.00485044462409054,0
"gene","YPR063C",0.744186046511628,0.775862068965517,0.856,0.516129032258065,0.483870967741935,1,0.451612903225806,0.288888888888889,0.576923076923077,0.0575916230366492,NA
"gene","YPR098C",0.75,0.666666666666667,0.644444444444444,0.684210526315789,0,1,0.6,0.4,NA,0.1,NA
"tRNA","tK(UUU)P",1,1,1,1,1,1,1,1,1,1,NA
"gene","YPR132W",0.292682926829268,0.289719626168224,0,0.198830409356725,0.118279569892473,0.0844155844155844,0.094017094017094,0.0704225352112676,0,0.00434782608695652,NA
"gene","YPR153W",0.666666666666667,0.388888888888889,1,0.571428571428571,0.5,NA,0.333333333333333,0.375,0,0,NA
"gene","YPR170W-B",0.314285714285714,0.133333333333333,0.25,0.212121212121212,0.173913043478261,0.258064516129032,0.116666666666667,0.0612244897959184,0,0.0105263157894737,NA
"gene","YPR187W",0.825688073394495,0.388888888888889,0.739130434782609,0.401459854014599,0.192307692307692,0.126984126984127,0.388059701492537,0.0714285714285714,0,0.0289855072463768,NA
"gene","YPR202W",1,1,1,1,1,1,1,1,NA,1,NA
